<ImportExportXml version="9.2.23042.176" SolutionPackageVersion="9.2" languagecode="1033" generatedBy="CrmLive" xmlns:xsi="http://www.w3.org/2001/XMLSchema-instance"><SolutionManifest><UniqueName>Masterclass</UniqueName><LocalizedNames><LocalizedName description="Masterclass" languagecode="1033" /></LocalizedNames><Descriptions /><Version>1.0.0.4</Version><Managed>0</Managed><Publisher><UniqueName>KristineKolodziejski</UniqueName><LocalizedNames><LocalizedName description="Kristine Kolodziejski" languagecode="1033" /></LocalizedNames><Descriptions /><EMailAddress xsi:nil="true"></EMailAddress><SupportingWebsiteUrl xsi:nil="true"></SupportingWebsiteUrl><CustomizationPrefix>kk</CustomizationPrefix><CustomizationOptionValuePrefix>12400</CustomizationOptionValuePrefix><Addresses><Address><AddressNumber>1</AddressNumber><AddressTypeCode>1</AddressTypeCode><City xsi:nil="true"></City><County xsi:nil="true"></County><Country xsi:nil="true"></Country><Fax xsi:nil="true"></Fax><FreightTermsCode xsi:nil="true"></FreightTermsCode><ImportSequenceNumber xsi:nil="true"></ImportSequenceNumber><Latitude xsi:nil="true"></Latitude><Line1 xsi:nil="true"></Line1><Line2 xsi:nil="true"></Line2><Line3 xsi:nil="true"></Line3><Longitude xsi:nil="true"></Longitude><Name xsi:nil="true"></Name><PostalCode xsi:nil="true"></PostalCode><PostOfficeBox xsi:nil="true"></PostOfficeBox><PrimaryContactName xsi:nil="true"></PrimaryContactName><ShippingMethodCode>1</ShippingMethodCode><StateOrProvince xsi:nil="true"></StateOrProvince><Telephone1 xsi:nil="true"></Telephone1><Telephone2 xsi:nil="true"></Telephone2><Telephone3 xsi:nil="true"></Telephone3><TimeZoneRuleVersionNumber xsi:nil="true"></TimeZoneRuleVersionNumber><UPSZone xsi:nil="true"></UPSZone><UTCOffset xsi:nil="true"></UTCOffset><UTCConversionTimeZoneCode xsi:nil="true"></UTCConversionTimeZoneCode></Address><Address><AddressNumber>2</AddressNumber><AddressTypeCode>1</AddressTypeCode><City xsi:nil="true"></City><County xsi:nil="true"></County><Country xsi:nil="true"></Country><Fax xsi:nil="true"></Fax><FreightTermsCode xsi:nil="true"></FreightTermsCode><ImportSequenceNumber xsi:nil="true"></ImportSequenceNumber><Latitude xsi:nil="true"></Latitude><Line1 xsi:nil="true"></Line1><Line2 xsi:nil="true"></Line2><Line3 xsi:nil="true"></Line3><Longitude xsi:nil="true"></Longitude><Name xsi:nil="true"></Name><PostalCode xsi:nil="true"></PostalCode><PostOfficeBox xsi:nil="true"></PostOfficeBox><PrimaryContactName xsi:nil="true"></PrimaryContactName><ShippingMethodCode>1</ShippingMethodCode><StateOrProvince xsi:nil="true"></StateOrProvince><Telephone1 xsi:nil="true"></Telephone1><Telephone2 xsi:nil="true"></Telephone2><Telephone3 xsi:nil="true"></Telephone3><TimeZoneRuleVersionNumber xsi:nil="true"></TimeZoneRuleVersionNumber><UPSZone xsi:nil="true"></UPSZone><UTCOffset xsi:nil="true"></UTCOffset><UTCConversionTimeZoneCode xsi:nil="true"></UTCConversionTimeZoneCode></Address></Addresses></Publisher><RootComponents><RootComponent type="1" schemaName="kk_translations" behavior="0" /><RootComponent type="29" id="{e9873d14-1be4-ec11-bb3c-6045bd0ea8de}" behavior="0" /><RootComponent type="300" schemaName="cre31_fromzerotoherochallenge_caa89" behavior="0" /><RootComponent type="300" schemaName="kk_ikeaapp_a41fa" behavior="0" /></RootComponents><MissingDependencies></MissingDependencies></SolutionManifest></ImportExportXml>