{
  "properties": {
    "connectionReferences": {
      "shared_commondataserviceforapps": {
        "runtimeSource": "embedded",
        "connection": {
          "connectionReferenceLogicalName": "cr92b_sharedcommondataserviceforapps_5c08a"
        },
        "api": {
          "name": "shared_commondataserviceforapps"
        }
      },
      "shared_translatorv2": {
        "runtimeSource": "invoker",
        "connection": {
          "connectionReferenceLogicalName": "kk_sharedtranslatorv2_90496"
        },
        "api": {
          "name": "shared_translatorv2"
        }
      }
    },
    "definition": {
      "$schema": "https://schema.management.azure.com/providers/Microsoft.Logic/schemas/2016-06-01/workflowdefinition.json#",
      "contentVersion": "1.0.0.0",
      "parameters": {
        "$connections": {
          "defaultValue": {},
          "type": "Object"
        },
        "$authentication": {
          "defaultValue": {},
          "type": "SecureObject"
        }
      },
      "triggers": {
        "manual": {
          "metadata": {
            "operationMetadataId": "d7dda3eb-bbc6-4f0f-bd1c-b939b1418d13"
          },
          "type": "Request",
          "kind": "Button",
          "inputs": {
            "schema": {
              "type": "object",
              "properties": {},
              "required": []
            }
          }
        }
      },
      "actions": {
        "List_rows": {
          "runAfter": {},
          "metadata": {
            "operationMetadataId": "d84f3c5f-c0bf-446a-b887-e0c2cf347b8a"
          },
          "type": "OpenApiConnection",
          "inputs": {
            "host": {
              "connectionName": "shared_commondataserviceforapps",
              "operationId": "ListRecords",
              "apiId": "/providers/Microsoft.PowerApps/apis/shared_commondataserviceforapps"
            },
            "parameters": {
              "entityName": "kk_translationses",
              "$filter": "kk_language eq 'English'"
            },
            "authentication": {
              "type": "Raw",
              "value": "@json(decodeBase64(triggerOutputs().headers['X-MS-APIM-Tokens']))['$ConnectionKey']"
            }
          }
        },
        "Apply_to_each_2": {
          "foreach": "@outputs('List_rows')?['body/value']",
          "actions": {
            "Translate_text_2": {
              "runAfter": {},
              "metadata": {
                "operationMetadataId": "3d4480e9-ad31-48b6-8298-bb715827560b"
              },
              "type": "OpenApiConnection",
              "inputs": {
                "host": {
                  "connectionName": "shared_translatorv2",
                  "operationId": "Translate",
                  "apiId": "/providers/Microsoft.PowerApps/apis/shared_translatorv2"
                },
                "parameters": {
                  "to": "bs",
                  "body/Text": "@items('Apply_to_each_2')?['kk_originaltext']"
                },
                "authentication": {
                  "type": "Raw",
                  "value": "@json(decodeBase64(triggerOutputs().headers['X-MS-APIM-Tokens']))['$ConnectionKey']"
                }
              }
            },
            "Add_a_new_row": {
              "runAfter": {
                "Translate_text_2": [
                  "Succeeded"
                ]
              },
              "metadata": {
                "operationMetadataId": "d63aca4b-2d3b-40e1-86ec-76b3a442a4df"
              },
              "type": "OpenApiConnection",
              "inputs": {
                "host": {
                  "connectionName": "shared_commondataserviceforapps",
                  "operationId": "CreateRecord",
                  "apiId": "/providers/Microsoft.PowerApps/apis/shared_commondataserviceforapps"
                },
                "parameters": {
                  "entityName": "kk_translationses",
                  "item/kk_originaltext": "@items('Apply_to_each_2')?['kk_originaltext']",
                  "item/kk_language": "Bosnian",
                  "item/kk_translation": "@body('Translate_text_2')"
                },
                "authentication": {
                  "type": "Raw",
                  "value": "@json(decodeBase64(triggerOutputs().headers['X-MS-APIM-Tokens']))['$ConnectionKey']"
                }
              }
            }
          },
          "runAfter": {
            "List_rows": [
              "Succeeded"
            ]
          },
          "metadata": {
            "operationMetadataId": "d82df554-6c5c-4dde-af20-efd508bb051c"
          },
          "type": "Foreach"
        }
      }
    },
    "templateName": ""
  },
  "schemaVersion": "1.0.0.0"
}